,Script,Kind,Type,FullName,Line,Parameter,Method,Constructor
0,repositorio/Assets/Amplitude/Amplitude.cs,Field,Amplitude,Amplitude.instance,17,,,
1,repositorio/Assets/scripts/ResearchManager.cs,Field,List<Research>,ResearchManager.inProgress,7,,,
2,repositorio/Assets/scripts/ResearchManager.cs,Field,List<Research>,ResearchManager.finished,8,,,
3,repositorio/Assets/scripts/Gameplay.cs,Field,Player,Gameplay.player1,7,,,
4,repositorio/Assets/scripts/Gameplay.cs,Field,Player,Gameplay.player2,8,,,
5,repositorio/Assets/scripts/Gameplay.cs,Field,Building,Gameplay.baseBuilding,10,,,
6,repositorio/Assets/scripts/Gameplay.cs,Field,Gameplay,Gameplay.st,24,,,
7,repositorio/Assets/scripts/Ui/BuildBuilding.cs,Field,Worker,BuildBuilding.worker,7,,,
8,repositorio/Assets/scripts/Ui/BuildBuilding.cs,Field,Building,BuildBuilding.building,8,,,
9,repositorio/Assets/scripts/Ui/Gui.cs,Field,Building[],Gui.buildings,7,,,
10,repositorio/Assets/scripts/Ui/Gui.cs,Field,Building,Gui.buildingSelected,9,,,
11,repositorio/Assets/scripts/Ui/CancelTrainUnit.cs,Field,Building,CancelTrainUnit.building,7,,,
12,repositorio/Assets/scripts/Ui/CancelTrainUnit.cs,Field,StrategyObject,CancelTrainUnit.unit,8,,,
13,repositorio/Assets/scripts/Ui/Train.cs,Field,Building,Train.building,8,,,
14,repositorio/Assets/scripts/Ui/Train.cs,Field,StrategyObject,Train.strategyObject,9,,,
15,repositorio/Assets/scripts/players/Ai.cs,Field,Unit[],Ai.allAttackers,9,,,
16,repositorio/Assets/scripts/players/Ai.cs,Field,Unit[],Ai.allWorkers,10,,,
17,repositorio/Assets/scripts/players/Ai.cs,Field,Building[],Ai.allBuildings,11,,,
18,repositorio/Assets/scripts/players/Ai.cs,Field,List<Building>,Ai.discoveredBuildings,14,,,
19,repositorio/Assets/scripts/players/Player.cs,Field,Building,Player.mainBase,15,,,
20,repositorio/Assets/scripts/players/Player.cs,Field,ResearchManager,Player.research,17,,,
21,repositorio/Assets/scripts/players/AiRush.cs,Field,List<Unit>,AiRush.enemies,21,,,
22,repositorio/Assets/scripts/playable/Playable.cs,Field,Attack,Playable.ground,26,,,
23,repositorio/Assets/scripts/playable/Playable.cs,Field,Attack,Playable.air,27,,,
24,repositorio/Assets/scripts/playable/Playable.cs,Field,UnitType,Playable.type,29,,,
25,repositorio/Assets/scripts/playable/Playable.cs,Field,Playable,Playable.target,47,,,
26,repositorio/Assets/scripts/playable/Playable.cs,Field,Path,Playable.path,49,,,
27,repositorio/Assets/scripts/playable/Playable.cs,Field,Seeker,Playable.seeker,51,,,
28,repositorio/Assets/scripts/playable/StrategyObject.cs,Field,Playable[],StrategyObject.dependencies,13,,,
29,repositorio/Assets/AstarPathfindingProject/Modifiers/AlternativePath.cs,Field,GraphNode[],Pathfinding.AlternativePath.prevNodes,44,,,
30,repositorio/Assets/AstarPathfindingProject/Modifiers/AlternativePath.cs,Field,GraphNode[],Pathfinding.AlternativePath.toBeApplied,62,,,
31,repositorio/Assets/AstarPathfindingProject/Modifiers/Modifiers.cs,Field,Seeker,Pathfinding.PathModifier.seeker,80,,,
32,repositorio/Assets/AstarPathfindingProject/Modifiers/Modifiers.cs,Field,Seeker,Pathfinding.MonoModifier.seeker,130,,,
33,repositorio/Assets/AstarPathfindingProject/Core/AstarData.cs,Field,NavMeshGraph,Pathfinding.AstarData.navmesh,28,,,
34,repositorio/Assets/AstarPathfindingProject/Core/AstarData.cs,Field,GridGraph,Pathfinding.AstarData.gridGraph,31,,,
35,repositorio/Assets/AstarPathfindingProject/Core/AstarData.cs,Field,PointGraph,Pathfinding.AstarData.pointGraph,34,,,
36,repositorio/Assets/AstarPathfindingProject/Core/AstarData.cs,Field,NavGraph[],Pathfinding.AstarData.graphs,56,,,
37,repositorio/Assets/AstarPathfindingProject/Core/AstarData.cs,Field,UserConnection[],Pathfinding.AstarData.userConnections,60,,,
38,repositorio/Assets/AstarPathfindingProject/Core/AstarPath.cs,Field,AstarData,AstarPath.astarData,62,,,
39,repositorio/Assets/AstarPathfindingProject/Core/AstarPath.cs,Field,AstarPath,AstarPath.active,65,,,
40,repositorio/Assets/AstarPathfindingProject/Core/AstarPath.cs,Field,PathLog,AstarPath.logPathResults,123,,,
41,repositorio/Assets/AstarPathfindingProject/Core/AstarPath.cs,Field,AstarColor,AstarPath.colorSettings,174,,,
42,repositorio/Assets/AstarPathfindingProject/Core/AstarPath.cs,Field,Path,AstarPath.debugPath,249,,,
43,repositorio/Assets/AstarPathfindingProject/Core/AstarPath.cs,Field,OnPathDelegate,AstarPath.OnPathPreSearch,358,,,
44,repositorio/Assets/AstarPathfindingProject/Core/AstarPath.cs,Field,OnPathDelegate,AstarPath.OnPathPostSearch,359,,,
45,repositorio/Assets/AstarPathfindingProject/Core/AstarPath.cs,Field,Queue<GraphUpdateObject>,AstarPath.graphUpdateQueue,405,,,
46,repositorio/Assets/AstarPathfindingProject/Core/AstarPath.cs,Field,Stack<GraphNode>,AstarPath.floodStack,409,,,
47,repositorio/Assets/AstarPathfindingProject/Core/AstarPath.cs,Field,ThreadControlQueue,AstarPath.pathQueue,411,,,
48,repositorio/Assets/AstarPathfindingProject/Core/AstarPath.cs,Field,PathThreadInfo[],AstarPath.threadInfos,418,,,
49,repositorio/Assets/AstarPathfindingProject/Core/AstarPath.cs,Field,Pathfinding.Util.LockFreeStack,AstarPath.pathReturnStack,428,,,
50,repositorio/Assets/AstarPathfindingProject/Core/AstarPath.cs,Field,IUpdatableGraph,AstarPath.GUOSingle.graph,1100,,,
51,repositorio/Assets/AstarPathfindingProject/Core/AstarPath.cs,Field,GraphUpdateObject,AstarPath.GUOSingle.obj,1101,,,
52,repositorio/Assets/AstarPathfindingProject/Core/AstarPath.cs,Field,Path,AstarPath.pathReturnPop,2080,,,
53,repositorio/Assets/AstarPathfindingProject/Core/PathHandler.cs,Field,GraphNode,Pathfinding.PathNode.node,15,,,
54,repositorio/Assets/AstarPathfindingProject/Core/PathHandler.cs,Field,PathNode,Pathfinding.PathNode.parent,18,,,
55,repositorio/Assets/AstarPathfindingProject/Core/PathHandler.cs,Field,BinaryHeapM,Pathfinding.PathHandler.heap,100,,,
56,repositorio/Assets/AstarPathfindingProject/Core/PathHandler.cs,Field,PathNode[][],Pathfinding.PathHandler.nodes,146,,,
57,repositorio/Assets/AstarPathfindingProject/Core/PathHandler.cs,Field,Stack<PathNode[]>,Pathfinding.PathHandler.bucketCache,150,,,
58,repositorio/Assets/AstarPathfindingProject/Core/Path.cs,Field,PathHandler,Pathfinding.Path.pathHandler,14,,,
59,repositorio/Assets/AstarPathfindingProject/Core/Path.cs,Field,OnPathDelegate,Pathfinding.Path.callback,19,,,
60,repositorio/Assets/AstarPathfindingProject/Core/Path.cs,Field,PathState,Pathfinding.Path.state,22,,,
61,repositorio/Assets/AstarPathfindingProject/Core/Path.cs,Field,PathCompleteState,Pathfinding.Path.pathCompleteState,28,,,
62,repositorio/Assets/AstarPathfindingProject/Core/Path.cs,Field,GraphNode[],Pathfinding.Path._path,49,,,
63,repositorio/Assets/AstarPathfindingProject/Core/Path.cs,Field,List<GraphNode>,Pathfinding.Path.path,53,,,
64,repositorio/Assets/AstarPathfindingProject/Core/Path.cs,Field,PathNode,Pathfinding.Path.currentR,62,,,
65,repositorio/Assets/AstarPathfindingProject/Core/Path.cs,Field,NNConstraint,Pathfinding.Path.nnConstraint,91,,,
66,repositorio/Assets/AstarPathfindingProject/Core/Path.cs,Field,Path,Pathfinding.Path.next,97,,,
67,repositorio/Assets/AstarPathfindingProject/Core/astarclasses.cs,Field,NNConstraint,Pathfinding.GraphUpdateObject.nnConstraint,448,,,
68,repositorio/Assets/AstarPathfindingProject/Core/astarclasses.cs,Field,List<GraphNode>,Pathfinding.GraphUpdateObject.changedNodes,464,,,
69,repositorio/Assets/AstarPathfindingProject/Core/astarclasses.cs,Field,GraphUpdateShape,Pathfinding.GraphUpdateObject.shape,468,,,
70,repositorio/Assets/AstarPathfindingProject/Navmesh/RelevantGraphSurface.cs,Field,RelevantGraphSurface,Pathfinding.RelevantGraphSurface.root,16,,,
71,repositorio/Assets/AstarPathfindingProject/Navmesh/RelevantGraphSurface.cs,Field,RelevantGraphSurface,Pathfinding.RelevantGraphSurface.prev,20,,,
72,repositorio/Assets/AstarPathfindingProject/Navmesh/RelevantGraphSurface.cs,Field,RelevantGraphSurface,Pathfinding.RelevantGraphSurface.next,21,,,
73,repositorio/Assets/AstarPathfindingProject/Pathfinders/ABPath.cs,Field,GraphNode,Pathfinding.ABPath.startNode,31,,,
74,repositorio/Assets/AstarPathfindingProject/Pathfinders/ABPath.cs,Field,GraphNode,Pathfinding.ABPath.endNode,32,,,
75,repositorio/Assets/AstarPathfindingProject/Pathfinders/ABPath.cs,Field,GraphNode,Pathfinding.ABPath.startHint,35,,,
76,repositorio/Assets/AstarPathfindingProject/Pathfinders/ABPath.cs,Field,GraphNode,Pathfinding.ABPath.endHint,37,,,
77,repositorio/Assets/AstarPathfindingProject/Pathfinders/ABPath.cs,Field,PathNode,Pathfinding.ABPath.partialBestTarget,70,,,
78,repositorio/Assets/AstarPathfindingProject/Utilities/AstarProfiler.cs,Field,"Dictionary<string, ProfilePoint>",Pathfinding.AstarProfiler.profiles,23,,,
79,repositorio/Assets/AstarPathfindingProject/Utilities/AstarProfiler.cs,Field,ProfilePoint[],Pathfinding.AstarProfiler.fastProfiles,26,,,
80,repositorio/Assets/AstarPathfindingProject/Utilities/LockFreeStack.cs,Field,Path,Pathfinding.Util.LockFreeStack.head,16,,,
81,repositorio/Assets/AstarPathfindingProject/Generators/GridGenerator.cs,Field,GraphCollision,Pathfinding.GridGraph.collision,143,,,
82,repositorio/Assets/AstarPathfindingProject/Generators/GridGenerator.cs,Field,GridNode[],Pathfinding.GridGraph.nodes,268,,,
83,repositorio/Assets/AstarPathfindingProject/Generators/NavMeshGenerator.cs,Field,TriangleMeshNode[],Pathfinding.NavMeshGraph.nodes,68,,,
84,repositorio/Assets/AstarPathfindingProject/Generators/NavMeshGenerator.cs,Field,BBTree,Pathfinding.NavMeshGraph._bbTree,101,,,
85,repositorio/Assets/AstarPathfindingProject/Generators/PointGenerator.cs,Field,PointNode[],Pathfinding.PointGraph.nodes,90,,,
86,repositorio/Assets/AstarPathfindingProject/Generators/Base.cs,Field,AstarPath,Pathfinding.NavGraph.active,29,,,
87,repositorio/Assets/AstarPathfindingProject/Generators/QuadtreeGraph.cs,Field,QuadtreeNodeHolder,Pathfinding.QuadtreeGraph.root,22,,,
88,repositorio/Assets/AstarPathfindingProject/Generators/QuadtreeGraph.cs,Field,GraphNode[],Pathfinding.QuadtreeNode.connections,215,,,
89,repositorio/Assets/AstarPathfindingProject/Generators/QuadtreeGraph.cs,Field,QuadtreeNode,Pathfinding.QuadtreeNodeHolder.node,306,,,
90,repositorio/Assets/AstarPathfindingProject/Generators/QuadtreeGraph.cs,Field,QuadtreeNodeHolder,Pathfinding.QuadtreeNodeHolder.c0,307,,,
91,repositorio/Assets/AstarPathfindingProject/Generators/QuadtreeGraph.cs,Field,QuadtreeNodeHolder,Pathfinding.QuadtreeNodeHolder.c1,308,,,
92,repositorio/Assets/AstarPathfindingProject/Generators/QuadtreeGraph.cs,Field,QuadtreeNodeHolder,Pathfinding.QuadtreeNodeHolder.c2,309,,,
93,repositorio/Assets/AstarPathfindingProject/Generators/QuadtreeGraph.cs,Field,QuadtreeNodeHolder,Pathfinding.QuadtreeNodeHolder.c3,310,,,
94,repositorio/Assets/AstarPathfindingProject/Editor/AstarPathEditor.cs,Field,"Dictionary<string,CustomGraphEditor>",AstarPathEditor.graphEditorTypes,23,,,
95,repositorio/Assets/AstarPathfindingProject/Editor/AstarPathEditor.cs,Field,"Dictionary<NavGraph,KeyValuePair<float,KeyValuePair<int,int> > >",AstarPathEditor.graphNodeCounts,25,,,
96,repositorio/Assets/AstarPathfindingProject/Editor/AstarPathEditor.cs,Field,GraphEditor[],AstarPathEditor.graphEditors,29,,,
97,repositorio/Assets/AstarPathfindingProject/Editor/AstarPathEditor.cs,Field,Pathfinding.Serialization.SerializeSettings,AstarPathEditor.serializationSettings,138,,,
98,repositorio/Assets/AstarPathfindingProject/Editor/AstarPathEditor.cs,Field,AstarPath,AstarPathEditor.script,140,,,
99,repositorio/Assets/AstarPathfindingProject/Editor/AstarPathEditor.cs,Field,EditorGUILayoutx,AstarPathEditor.GUILayoutx,141,,,
100,repositorio/Assets/AstarPathfindingProject/Editor/AstarPathEditor.cs,Field,GraphNode,AstarPathEditor.firstShiftNode,1245,,,
101,repositorio/Assets/AstarPathfindingProject/Editor/SeekerEditor.cs,Field,List<IPathModifier>,SeekerEditor.mods,25,,,
102,repositorio/Assets/scripts/playable/buildings/Building.cs,Field,StrategyObject[],Building.developable,10,,,
103,repositorio/Assets/scripts/playable/buildings/Building.cs,Field,List<StrategyObject>,Building.trainingQueue,17,,,
104,repositorio/Assets/scripts/playable/buildings/Building.cs,Field,List<CancelTrainUnit>,Building.cancelButtons,30,,,
105,repositorio/Assets/scripts/playable/units/Worker.cs,Field,Resource,Worker.resource,11,,,
106,repositorio/Assets/scripts/playable/units/Worker.cs,Field,Building,Worker.build,13,,,
107,repositorio/Assets/AstarPathfindingProject/Core/Misc/ThreadControlQueue.cs,Field,Path,Pathfinding.ThreadControlQueue.head,12,,,
108,repositorio/Assets/AstarPathfindingProject/Core/Misc/ThreadControlQueue.cs,Field,Path,Pathfinding.ThreadControlQueue.tail,13,,,
109,repositorio/Assets/AstarPathfindingProject/Core/Misc/NodeLink2.cs,Field,"Dictionary<GraphNode,NodeLink2>",Pathfinding.NodeLink2.reference,13,,,
110,repositorio/Assets/AstarPathfindingProject/Core/Misc/NodeLink2.cs,Field,PointNode,Pathfinding.NodeLink2.startNode,45,,,
111,repositorio/Assets/AstarPathfindingProject/Core/Misc/NodeLink2.cs,Field,PointNode,Pathfinding.NodeLink2.endNode,46,,,
112,repositorio/Assets/AstarPathfindingProject/Core/Misc/NodeLink2.cs,Field,MeshNode,Pathfinding.NodeLink2.connectedNode1,47,,,
113,repositorio/Assets/AstarPathfindingProject/Core/Misc/NodeLink2.cs,Field,MeshNode,Pathfinding.NodeLink2.connectedNode2,47,,,
114,repositorio/Assets/AstarPathfindingProject/Core/Misc/NodeLink3.cs,Field,NodeLink3,Pathfinding.NodeLink3Node.link,12,,,
115,repositorio/Assets/AstarPathfindingProject/Core/Misc/NodeLink3.cs,Field,"Dictionary<GraphNode,NodeLink3>",Pathfinding.NodeLink3.reference,63,,,
116,repositorio/Assets/AstarPathfindingProject/Core/Misc/NodeLink3.cs,Field,NodeLink3Node,Pathfinding.NodeLink3.startNode,95,,,
117,repositorio/Assets/AstarPathfindingProject/Core/Misc/NodeLink3.cs,Field,NodeLink3Node,Pathfinding.NodeLink3.endNode,96,,,
118,repositorio/Assets/AstarPathfindingProject/Core/Misc/NodeLink3.cs,Field,MeshNode,Pathfinding.NodeLink3.connectedNode1,97,,,
119,repositorio/Assets/AstarPathfindingProject/Core/Misc/NodeLink3.cs,Field,MeshNode,Pathfinding.NodeLink3.connectedNode2,97,,,
120,repositorio/Assets/AstarPathfindingProject/Core/Misc/AstarDebugger.cs,Field,PathTypeDebug[],AstarDebugger.debugTypes,117,,,
121,repositorio/Assets/AstarPathfindingProject/Core/Misc/BinaryHeap.cs,Field,PathNode[],Pathfinding.BinaryHeapM.binaryHeap,24,,,
122,repositorio/Assets/AstarPathfindingProject/Core/Misc/GraphModifier.cs,Field,GraphModifier,Pathfinding.GraphModifier.root,16,,,
123,repositorio/Assets/AstarPathfindingProject/Core/Misc/GraphModifier.cs,Field,GraphModifier,Pathfinding.GraphModifier.prev,18,,,
124,repositorio/Assets/AstarPathfindingProject/Core/Misc/GraphModifier.cs,Field,GraphModifier,Pathfinding.GraphModifier.next,19,,,
125,repositorio/Assets/AstarPathfindingProject/Core/Misc/GraphEditorBase.cs,Field,NavGraph,Pathfinding.GraphEditorBase.target,8,,,
126,repositorio/Assets/AstarPathfindingProject/Core/Nodes/GraphNode.cs,Field,GraphNode[],Pathfinding.MeshNode.connections,314,,,
127,repositorio/Assets/AstarPathfindingProject/Core/Serialization/JsonSerializer.cs,Field,GraphNode[],Pathfinding.Serialization.GraphSerializationContext.id2NodeMapping,22,,,
128,repositorio/Assets/AstarPathfindingProject/Core/Serialization/JsonSerializer.cs,Field,AstarData,Pathfinding.Serialization.AstarSerializer.data,56,,,
129,repositorio/Assets/AstarPathfindingProject/Core/Serialization/JsonSerializer.cs,Field,JsonWriterSettings,Pathfinding.Serialization.AstarSerializer.writerSettings,57,,,
130,repositorio/Assets/AstarPathfindingProject/Core/Serialization/JsonSerializer.cs,Field,JsonReaderSettings,Pathfinding.Serialization.AstarSerializer.readerSettings,58,,,
131,repositorio/Assets/AstarPathfindingProject/Core/Serialization/JsonSerializer.cs,Field,MemoryStream,Pathfinding.Serialization.AstarSerializer.str,61,,,
132,repositorio/Assets/AstarPathfindingProject/Core/Serialization/JsonSerializer.cs,Field,GraphMeta,Pathfinding.Serialization.AstarSerializer.meta,63,,,
133,repositorio/Assets/AstarPathfindingProject/Core/Serialization/JsonSerializer.cs,Field,SerializeSettings,Pathfinding.Serialization.AstarSerializer.settings,65,,,
134,repositorio/Assets/AstarPathfindingProject/Core/Serialization/JsonSerializer.cs,Field,NavGraph[],Pathfinding.Serialization.AstarSerializer.graphs,67,,,
135,repositorio/Assets/AstarPathfindingProject/Core/AI/Seeker.cs,Field,StartEndModifier,Seeker.startEndModifier,29,,,
136,repositorio/Assets/AstarPathfindingProject/Core/AI/Seeker.cs,Field,TagMask,Seeker.traversableTags,32,,,
137,repositorio/Assets/AstarPathfindingProject/Core/AI/Seeker.cs,Field,OnPathDelegate,Seeker.pathCallback,49,,,
138,repositorio/Assets/AstarPathfindingProject/Core/AI/Seeker.cs,Field,OnPathDelegate,Seeker.preProcessPath,52,,,
139,repositorio/Assets/AstarPathfindingProject/Core/AI/Seeker.cs,Field,OnPathDelegate,Seeker.postProcessOriginalPath,55,,,
140,repositorio/Assets/AstarPathfindingProject/Core/AI/Seeker.cs,Field,OnPathDelegate,Seeker.postProcessPath,58,,,
141,repositorio/Assets/AstarPathfindingProject/Core/AI/Seeker.cs,Field,List<GraphNode>,Seeker.lastCompletedNodePath,67,,,
142,repositorio/Assets/AstarPathfindingProject/Core/AI/Seeker.cs,Field,Path,Seeker.path,73,,,
143,repositorio/Assets/AstarPathfindingProject/Core/AI/Seeker.cs,Field,Path,Seeker.prevPath,76,,,
144,repositorio/Assets/AstarPathfindingProject/Core/AI/Seeker.cs,Field,GraphNode,Seeker.startHint,83,,,
145,repositorio/Assets/AstarPathfindingProject/Core/AI/Seeker.cs,Field,GraphNode,Seeker.endHint,84,,,
146,repositorio/Assets/AstarPathfindingProject/Core/AI/Seeker.cs,Field,OnPathDelegate,Seeker.onPathDelegate,86,,,
147,repositorio/Assets/AstarPathfindingProject/Core/AI/Seeker.cs,Field,OnPathDelegate,Seeker.tmpPathCallback,89,,,
148,repositorio/Assets/AstarPathfindingProject/Core/AI/Seeker.cs,Field,List<IPathModifier>,Seeker.modifiers,129,,,
149,repositorio/Assets/AstarPathfindingProject/Core/AI/AIPath.cs,Field,Seeker,AIPath.seeker,102,,,
150,repositorio/Assets/AstarPathfindingProject/Core/AI/AIPath.cs,Field,Path,AIPath.path,111,,,
151,repositorio/Assets/AstarPathfindingProject/Core/AI/AIPath.cs,Field,CharacterController,AIPath.controller,114,,,
152,repositorio/Assets/AstarPathfindingProject/Core/AI/AIPath.cs,Field,NavmeshController,AIPath.navController,117,,,
153,repositorio/Assets/AstarPathfindingProject/ExampleScenes/ExampleScripts/AIFollow.cs,Field,Seeker,AIFollow.seeker,43,,,
154,repositorio/Assets/AstarPathfindingProject/ExampleScenes/ExampleScripts/AIFollow.cs,Field,CharacterController,AIFollow.controller,46,,,
155,repositorio/Assets/AstarPathfindingProject/ExampleScenes/ExampleScripts/AIFollow.cs,Field,NavmeshController,AIFollow.navmeshController,49,,,
156,repositorio/Assets/AstarPathfindingProject/ExampleScenes/ExampleScripts/TargetMover.cs,Field,AIPath[],Pathfinding.TargetMover.ais2,12,,,
157,repositorio/Assets/AstarPathfindingProject/ExampleScenes/Example12_Procedural/ProceduralWorld.cs,Field,ProceduralWorld,ProceduralWorld.ProceduralTile.world,114,,,
158,repositorio/Assets/AstarPathfindingProject/ExampleScenes/Example12_Procedural/ProceduralGridMover.cs,Field,GridGraph,ProceduralGridMover.graph,13,,,
159,repositorio/Assets/AstarPathfindingProject/ExampleScenes/Example12_Procedural/ProceduralGridMover.cs,Field,GridNode[],ProceduralGridMover.tmp,15,,,
160,repositorio/Assets/AstarPathfindingProject/Generators/NodeClasses/GridNode.cs,Field,GridGraph[],Pathfinding.GridNode._gridGraphs,17,,,
161,repositorio/Assets/AstarPathfindingProject/Generators/NodeClasses/TriangleMeshNode.cs,Field,INavmeshHolder[],Pathfinding.TriangleMeshNode._navmeshHolders,21,,,
162,repositorio/Assets/AstarPathfindingProject/Generators/NodeClasses/TriangleMeshNode.cs,Field,INavmeshHolder[],Pathfinding.ConvexMeshNode.navmeshHolders,336,,,
163,repositorio/Assets/AstarPathfindingProject/Generators/NodeClasses/PointNode.cs,Field,GraphNode[],Pathfinding.PointNode.connections,9,,,
164,repositorio/Assets/AstarPathfindingProject/Generators/NodeClasses/PointNode.cs,Field,PointNode,Pathfinding.PointNode.next,15,,,
165,repositorio/Assets/AstarPathfindingProject/Editor/GraphEditors/GraphEditor.cs,Field,AstarPathEditor,Pathfinding.GraphEditor.editor,12,,,
166,repositorio/Assets/AstarPathfindingProject/Editor/GraphEditors/GridGeneratorEditor.cs,Field,GraphNode,Pathfinding.GridGraphEditor.node1,47,,,
167,repositorio/Assets/scripts/ResearchManager.cs,,Research,,10,r,ResearchManager.StartDevelopment(Research),
168,repositorio/Assets/scripts/ResearchManager.cs,,Research,,14,r,ResearchManager.FinishDevelopment(Research),
169,repositorio/Assets/scripts/ResearchManager.cs,,Research,,20,r,ResearchManager.CancelDevelopment(Research),
170,repositorio/Assets/scripts/Ui/CancelTrainUnit.cs,,StrategyObject,,13,unit,"CancelTrainUnit.AddCancelButton(StrategyObject, Building, int)",
171,repositorio/Assets/scripts/Ui/CancelTrainUnit.cs,,Building,,13,building,"CancelTrainUnit.AddCancelButton(StrategyObject, Building, int)",
172,repositorio/Assets/scripts/players/Ai.cs,,Building,,79,b,Ai.createWorker(Building),
173,repositorio/Assets/scripts/players/Ai.cs,,Building,,89,b,Ai.createAttacker(Building),
174,repositorio/Assets/scripts/playable/Playable.cs,,Playable,,114,u,"Playable.create(Playable, Vector3, string)",
175,repositorio/Assets/scripts/playable/Playable.cs,,Attack,,210,attack,Playable.attacking(Attack),
176,repositorio/Assets/scripts/playable/Playable.cs,,Playable,,335,target,"Playable.performAttack(Playable, Attack)",
177,repositorio/Assets/scripts/playable/Playable.cs,,Attack,,335,attack,"Playable.performAttack(Playable, Attack)",
178,repositorio/Assets/scripts/playable/Playable.cs,,Playable,,350,target,Playable.Attack(Playable),
179,repositorio/Assets/scripts/playable/Playable.cs,,Path,,422,p,Playable.OnPathComplete(Pathfinding.Path),
180,repositorio/Assets/AstarPathfindingProject/Modifiers/AlternativePath.cs,,Path,,63,p,"Pathfinding.AlternativePath.Apply(Pathfinding.Path, Pathfinding.ModifierData)",
181,repositorio/Assets/AstarPathfindingProject/Modifiers/AlternativePath.cs,,Path,,88,p,Pathfinding.AlternativePath.ClearOnDestroy(Pathfinding.Path),
182,repositorio/Assets/AstarPathfindingProject/Modifiers/AlternativePath.cs,,Path,,116,somePath,Pathfinding.AlternativePath.ApplyNow(Pathfinding.Path),
183,repositorio/Assets/AstarPathfindingProject/Modifiers/StartEndModifier.cs,,Path,,57,_p,"Pathfinding.StartEndModifier.Apply(Pathfinding.Path, Pathfinding.ModifierData)",
184,repositorio/Assets/AstarPathfindingProject/Modifiers/StartEndModifier.cs,,GraphNode,,136,hint,"Pathfinding.StartEndModifier.GetClampedPoint(Vector3, Vector3, Pathfinding.GraphNode)",
185,repositorio/Assets/AstarPathfindingProject/Modifiers/SimpleSmoothModifier.cs,,Path,,90,p,"Pathfinding.SimpleSmoothModifier.Apply(Pathfinding.Path, Pathfinding.ModifierData)",
186,repositorio/Assets/AstarPathfindingProject/Modifiers/Modifiers.cs,,Path,,66,p,Pathfinding.IPathModifier.ApplyOriginal(Pathfinding.Path),
187,repositorio/Assets/AstarPathfindingProject/Modifiers/Modifiers.cs,,Path,,67,p,"Pathfinding.IPathModifier.Apply(Pathfinding.Path, Pathfinding.ModifierData)",
188,repositorio/Assets/AstarPathfindingProject/Modifiers/Modifiers.cs,,Path,,68,p,Pathfinding.IPathModifier.PreProcess(Pathfinding.Path),
189,repositorio/Assets/AstarPathfindingProject/Modifiers/Modifiers.cs,,Seeker,,94,s,Pathfinding.PathModifier.Awake(Seeker),
190,repositorio/Assets/AstarPathfindingProject/Modifiers/Modifiers.cs,,Seeker,,101,s,Pathfinding.PathModifier.OnDestroy(Seeker),
191,repositorio/Assets/AstarPathfindingProject/Modifiers/Modifiers.cs,,Path,,108,p,Pathfinding.PathModifier.ApplyOriginal(Pathfinding.Path),
192,repositorio/Assets/AstarPathfindingProject/Modifiers/Modifiers.cs,,Path,,113,p,"Pathfinding.PathModifier.Apply(Pathfinding.Path, Pathfinding.ModifierData)",
193,repositorio/Assets/AstarPathfindingProject/Modifiers/Modifiers.cs,,Path,,116,p,Pathfinding.PathModifier.PreProcess(Pathfinding.Path),
194,repositorio/Assets/AstarPathfindingProject/Modifiers/Modifiers.cs,,Path,,170,p,Pathfinding.MonoModifier.ApplyOriginal(Pathfinding.Path),
195,repositorio/Assets/AstarPathfindingProject/Modifiers/Modifiers.cs,,Path,,176,p,"Pathfinding.MonoModifier.Apply(Pathfinding.Path, Pathfinding.ModifierData)",
196,repositorio/Assets/AstarPathfindingProject/Modifiers/Modifiers.cs,,Path,,178,p,Pathfinding.MonoModifier.PreProcess(Pathfinding.Path),
197,repositorio/Assets/AstarPathfindingProject/Modifiers/Modifiers.cs,,NavGraph,,184,graph,"Pathfinding.MonoModifier.Apply(Pathfinding.GraphNode[], Vector3, Vector3, int, int, Pathfinding.NavGraph)",
198,repositorio/Assets/AstarPathfindingProject/Modifiers/Modifiers.cs,,Path,,217,p,"Pathfinding.ModifierConverter.Convert(Pathfinding.Path, Pathfinding.ModifierData, Pathfinding.ModifierData)",
199,repositorio/Assets/AstarPathfindingProject/Modifiers/RaycastModifier.cs,,Path,,59,p,"Pathfinding.RaycastModifier.Apply(Pathfinding.Path, Pathfinding.ModifierData)",
200,repositorio/Assets/AstarPathfindingProject/Modifiers/RaycastModifier.cs,,GraphNode,,179,n1,"Pathfinding.RaycastModifier.ValidateLine(Pathfinding.GraphNode, Pathfinding.GraphNode, Vector3, Vector3)",
201,repositorio/Assets/AstarPathfindingProject/Modifiers/RaycastModifier.cs,,GraphNode,,179,n2,"Pathfinding.RaycastModifier.ValidateLine(Pathfinding.GraphNode, Pathfinding.GraphNode, Vector3, Vector3)",
202,repositorio/Assets/AstarPathfindingProject/Modifiers/FunnelModifier.cs,,GraphNode,,223,n1,"Pathfinding.IFunnelGraph.AddPortal(Pathfinding.GraphNode, Pathfinding.GraphNode, System.Collections.Generic.List<Vector3>, System.Collections.Generic.List<Vector3>)",
203,repositorio/Assets/AstarPathfindingProject/Modifiers/FunnelModifier.cs,,GraphNode,,223,n2,"Pathfinding.IFunnelGraph.AddPortal(Pathfinding.GraphNode, Pathfinding.GraphNode, System.Collections.Generic.List<Vector3>, System.Collections.Generic.List<Vector3>)",
204,repositorio/Assets/AstarPathfindingProject/Modifiers/FunnelModifier.cs,,Path,,34,p,"Pathfinding.FunnelModifier.Apply(Pathfinding.Path, Pathfinding.ModifierData)",
205,repositorio/Assets/AstarPathfindingProject/Core/AstarData.cs,,NavGraph,,448,graph,Pathfinding.AstarData.AddGraph(Pathfinding.NavGraph),
206,repositorio/Assets/AstarPathfindingProject/Core/AstarData.cs,,NavGraph,,492,graph,Pathfinding.AstarData.RemoveGraph(Pathfinding.NavGraph),
207,repositorio/Assets/AstarPathfindingProject/Core/AstarData.cs,,GraphNode,,517,node,Pathfinding.AstarData.GetGraph(Pathfinding.GraphNode),
208,repositorio/Assets/AstarPathfindingProject/Core/AstarData.cs,,NavGraph,,631,graph,Pathfinding.AstarData.GetGraphIndex(Pathfinding.NavGraph),
209,repositorio/Assets/AstarPathfindingProject/Core/AstarPath.cs,,GraphNode,,557,node,AstarPath.DrawUnwalkableNode(Pathfinding.GraphNode),
210,repositorio/Assets/AstarPathfindingProject/Core/AstarPath.cs,,Path,,614,p,AstarPath.LogPathResults(Pathfinding.Path),
211,repositorio/Assets/AstarPathfindingProject/Core/AstarPath.cs,,GraphUpdateObject,,862,ob,"AstarPath.UpdateGraphs(Pathfinding.GraphUpdateObject, float)",
212,repositorio/Assets/AstarPathfindingProject/Core/AstarPath.cs,,GraphUpdateObject,,867,ob,"AstarPath.UpdateGraphsInteral(Pathfinding.GraphUpdateObject, float)",
213,repositorio/Assets/AstarPathfindingProject/Core/AstarPath.cs,,GraphUpdateObject,,891,ob,AstarPath.UpdateGraphs(Pathfinding.GraphUpdateObject),
214,repositorio/Assets/AstarPathfindingProject/Core/AstarPath.cs,,GraphNode,,1458,seed,AstarPath.FloodFill(Pathfinding.GraphNode),
215,repositorio/Assets/AstarPathfindingProject/Core/AstarPath.cs,,GraphNode,,1464,seed,"AstarPath.FloodFill(Pathfinding.GraphNode, uint)",
216,repositorio/Assets/AstarPathfindingProject/Core/AstarPath.cs,,GraphNode,,1623,node,AstarPath.InitializeNode(Pathfinding.GraphNode),
217,repositorio/Assets/AstarPathfindingProject/Core/AstarPath.cs,,GraphNode,,1637,node,AstarPath.DestroyNode(Pathfinding.GraphNode),
218,repositorio/Assets/AstarPathfindingProject/Core/AstarPath.cs,,Path,,1894,p,AstarPath.WaitForPath(Pathfinding.Path),
219,repositorio/Assets/AstarPathfindingProject/Core/AstarPath.cs,,Path,,2016,p,"AstarPath.StartPath(Pathfinding.Path, bool)",
220,repositorio/Assets/AstarPathfindingProject/Core/AstarPath.cs,,NNConstraint,,2487,constraint,"AstarPath.GetNearest(Vector3, Pathfinding.NNConstraint)",
221,repositorio/Assets/AstarPathfindingProject/Core/AstarPath.cs,,NNConstraint,,2496,constraint,"AstarPath.GetNearest(Vector3, Pathfinding.NNConstraint, Pathfinding.GraphNode)",
222,repositorio/Assets/AstarPathfindingProject/Core/AstarPath.cs,,GraphNode,,2496,hint,"AstarPath.GetNearest(Vector3, Pathfinding.NNConstraint, Pathfinding.GraphNode)",
223,repositorio/Assets/AstarPathfindingProject/Core/GraphUpdateScene.cs,,AstarPath,,175,active,Pathfinding.GraphUpdateScene.Apply(AstarPath),
224,repositorio/Assets/AstarPathfindingProject/Core/PathHandler.cs,,PathNode,,106,node,Pathfinding.PathHandler.PushNode(Pathfinding.PathNode),
225,repositorio/Assets/AstarPathfindingProject/Core/PathHandler.cs,,Path,,162,p,Pathfinding.PathHandler.InitializeForPath(Pathfinding.Path),
226,repositorio/Assets/AstarPathfindingProject/Core/PathHandler.cs,,GraphNode,,168,node,Pathfinding.PathHandler.DestroyNode(Pathfinding.GraphNode),
227,repositorio/Assets/AstarPathfindingProject/Core/PathHandler.cs,,GraphNode,,177,node,Pathfinding.PathHandler.InitializeNode(Pathfinding.GraphNode),
228,repositorio/Assets/AstarPathfindingProject/Core/PathHandler.cs,,GraphNode,,229,node,Pathfinding.PathHandler.GetPathNode(Pathfinding.GraphNode),
229,repositorio/Assets/AstarPathfindingProject/Core/Path.cs,,GraphNode,,215,node,Pathfinding.Path.CalculateHScore(Pathfinding.GraphNode),
230,repositorio/Assets/AstarPathfindingProject/Core/Path.cs,,GraphNode,,247,node,Pathfinding.Path.CanTraverse(Pathfinding.GraphNode),
231,repositorio/Assets/AstarPathfindingProject/Core/Path.cs,,GraphNode,,251,node,Pathfinding.Path.GetTraversalCost(Pathfinding.GraphNode),
232,repositorio/Assets/AstarPathfindingProject/Core/Path.cs,,GraphNode,,272,a,"Pathfinding.Path.GetConnectionSpecialCost(Pathfinding.GraphNode, Pathfinding.GraphNode, uint)",
233,repositorio/Assets/AstarPathfindingProject/Core/Path.cs,,GraphNode,,272,b,"Pathfinding.Path.GetConnectionSpecialCost(Pathfinding.GraphNode, Pathfinding.GraphNode, uint)",
234,repositorio/Assets/AstarPathfindingProject/Core/Path.cs,,PathNode,,550,from,Pathfinding.Path.Trace(Pathfinding.PathNode),
235,repositorio/Assets/AstarPathfindingProject/Core/Path.cs,,PathHandler,,657,pathHandler,Pathfinding.Path.PrepareBase(Pathfinding.PathHandler),
236,repositorio/Assets/AstarPathfindingProject/Core/GraphUpdateShape.cs,,GraphNode,,66,node,Pathfinding.GraphUpdateShape.Contains(Pathfinding.GraphNode),
237,repositorio/Assets/AstarPathfindingProject/Core/astarclasses.cs,,GraphUpdateObject,,335,o,Pathfinding.IUpdatableGraph.UpdateArea(Pathfinding.GraphUpdateObject),
238,repositorio/Assets/AstarPathfindingProject/Core/astarclasses.cs,,GraphUpdateObject,,336,o,Pathfinding.IUpdatableGraph.UpdateAreaInit(Pathfinding.GraphUpdateObject),
239,repositorio/Assets/AstarPathfindingProject/Core/astarclasses.cs,,GraphUpdateObject,,338,o,Pathfinding.IUpdatableGraph.CanUpdateAsync(Pathfinding.GraphUpdateObject),
240,repositorio/Assets/AstarPathfindingProject/Core/astarclasses.cs,,GraphNode,,533,hint,"Pathfinding.IRaycastableGraph.Linecast(Vector3, Vector3, Pathfinding.GraphNode)",
241,repositorio/Assets/AstarPathfindingProject/Core/astarclasses.cs,,GraphNode,,534,hint,"Pathfinding.IRaycastableGraph.Linecast(Vector3, Vector3, Pathfinding.GraphNode, out Pathfinding.GraphHitInfo)",
242,repositorio/Assets/AstarPathfindingProject/Core/astarclasses.cs,,GraphNode,,535,hint,"Pathfinding.IRaycastableGraph.Linecast(Vector3, Vector3, Pathfinding.GraphNode, out Pathfinding.GraphHitInfo, System.Collections.Generic.List<Pathfinding.GraphNode>)",
243,repositorio/Assets/AstarPathfindingProject/Core/astarclasses.cs,,NavGraph,,179,graph,"Pathfinding.NNConstraint.SuitableGraph(int, Pathfinding.NavGraph)",
244,repositorio/Assets/AstarPathfindingProject/Core/astarclasses.cs,,GraphNode,,184,node,Pathfinding.NNConstraint.Suitable(Pathfinding.GraphNode),
245,repositorio/Assets/AstarPathfindingProject/Core/astarclasses.cs,,GraphNode,,237,node,Pathfinding.PathNNConstraint.SetStart(Pathfinding.GraphNode),
246,repositorio/Assets/AstarPathfindingProject/Core/astarclasses.cs,,GraphNode,,474,node,Pathfinding.GraphUpdateObject.WillUpdateNode(Pathfinding.GraphNode),
247,repositorio/Assets/AstarPathfindingProject/Core/astarclasses.cs,,GraphNode,,508,node,Pathfinding.GraphUpdateObject.Apply(Pathfinding.GraphNode),
248,repositorio/Assets/AstarPathfindingProject/Pathfinders/ABPath.cs,,GraphNode,,132,a,"Pathfinding.ABPath.GetConnectionSpecialCost(Pathfinding.GraphNode, Pathfinding.GraphNode, uint)",
249,repositorio/Assets/AstarPathfindingProject/Pathfinders/ABPath.cs,,GraphNode,,132,b,"Pathfinding.ABPath.GetConnectionSpecialCost(Pathfinding.GraphNode, Pathfinding.GraphNode, uint)",
250,repositorio/Assets/AstarPathfindingProject/Pathfinders/ABPath.cs,,Path,,409,p,Pathfinding.ABPath.ResetCosts(Pathfinding.Path),
251,repositorio/Assets/AstarPathfindingProject/Utilities/GraphUpdateUtilities.cs,,GraphNode,,28,n1,"Pathfinding.GraphUpdateUtilities.IsPathPossible(Pathfinding.GraphNode, Pathfinding.GraphNode)",
252,repositorio/Assets/AstarPathfindingProject/Utilities/GraphUpdateUtilities.cs,,GraphNode,,28,n2,"Pathfinding.GraphUpdateUtilities.IsPathPossible(Pathfinding.GraphNode, Pathfinding.GraphNode)",
253,repositorio/Assets/AstarPathfindingProject/Utilities/GraphUpdateUtilities.cs,,GraphUpdateObject,,62,guo,"Pathfinding.GraphUpdateUtilities.UpdateGraphsNoBlock(Pathfinding.GraphUpdateObject, Pathfinding.GraphNode, Pathfinding.GraphNode, bool)",
254,repositorio/Assets/AstarPathfindingProject/Utilities/GraphUpdateUtilities.cs,,GraphNode,,62,node1,"Pathfinding.GraphUpdateUtilities.UpdateGraphsNoBlock(Pathfinding.GraphUpdateObject, Pathfinding.GraphNode, Pathfinding.GraphNode, bool)",
255,repositorio/Assets/AstarPathfindingProject/Utilities/GraphUpdateUtilities.cs,,GraphNode,,62,node2,"Pathfinding.GraphUpdateUtilities.UpdateGraphsNoBlock(Pathfinding.GraphUpdateObject, Pathfinding.GraphNode, Pathfinding.GraphNode, bool)",
256,repositorio/Assets/AstarPathfindingProject/Utilities/GraphUpdateUtilities.cs,,GraphUpdateObject,,85,guo,"Pathfinding.GraphUpdateUtilities.UpdateGraphsNoBlock(Pathfinding.GraphUpdateObject, System.Collections.Generic.List<Pathfinding.GraphNode>, bool)",
257,repositorio/Assets/AstarPathfindingProject/Utilities/LockFreeStack.cs,,Path,,24,p,Pathfinding.Util.LockFreeStack.Push(Pathfinding.Path),
258,repositorio/Assets/AstarPathfindingProject/Utilities/ProfileHelper.cs,,Profile,,78,other,Pathfinding.Profile.Control(Pathfinding.Profile),
259,repositorio/Assets/AstarPathfindingProject/Utilities/PathUtilities.cs,,GraphNode,,25,n1,"Pathfinding.PathUtilities.IsPathPossible(Pathfinding.GraphNode, Pathfinding.GraphNode)",
260,repositorio/Assets/AstarPathfindingProject/Utilities/PathUtilities.cs,,GraphNode,,25,n2,"Pathfinding.PathUtilities.IsPathPossible(Pathfinding.GraphNode, Pathfinding.GraphNode)",
261,repositorio/Assets/AstarPathfindingProject/Utilities/PathUtilities.cs,,GraphNode,,61,seed,"Pathfinding.PathUtilities.GetReachableNodes(Pathfinding.GraphNode, int)",
262,repositorio/Assets/AstarPathfindingProject/Utilities/PathUtilities.cs,,GraphNode,,117,seed,"Pathfinding.PathUtilities.BFS(Pathfinding.GraphNode, int, int)",
263,repositorio/Assets/AstarPathfindingProject/Utilities/PathUtilities.cs,,IRaycastableGraph,,221,g,"Pathfinding.PathUtilities.GetPointsAroundPointWorld(Vector3, Pathfinding.IRaycastableGraph, System.Collections.Generic.List<Vector3>, float, float)",
264,repositorio/Assets/AstarPathfindingProject/Utilities/PathUtilities.cs,,IRaycastableGraph,,244,g,"Pathfinding.PathUtilities.GetPointsAroundPoint(Vector3, Pathfinding.IRaycastableGraph, System.Collections.Generic.List<Vector3>, float, float)",
265,repositorio/Assets/AstarPathfindingProject/Generators/GridGenerator.cs,,GridNode,,305,node,"Pathfinding.GridGraph.GetNodeConnection(Pathfinding.GridNode, int)",
266,repositorio/Assets/AstarPathfindingProject/Generators/GridGenerator.cs,,GridNode,,319,node,"Pathfinding.GridGraph.HasNodeConnection(Pathfinding.GridNode, int)",
267,repositorio/Assets/AstarPathfindingProject/Generators/GridGenerator.cs,,GridNode,,333,node,"Pathfinding.GridGraph.SetNodeConnection(Pathfinding.GridNode, int, bool)",
268,repositorio/Assets/AstarPathfindingProject/Generators/GridGenerator.cs,,NNConstraint,,460,constraint,"Pathfinding.GridGraph.GetNearest(Vector3, Pathfinding.NNConstraint, Pathfinding.GraphNode)",
269,repositorio/Assets/AstarPathfindingProject/Generators/GridGenerator.cs,,GraphNode,,460,hint,"Pathfinding.GridGraph.GetNearest(Vector3, Pathfinding.NNConstraint, Pathfinding.GraphNode)",
270,repositorio/Assets/AstarPathfindingProject/Generators/GridGenerator.cs,,NNConstraint,,486,constraint,"Pathfinding.GridGraph.GetNearestForce(Vector3, Pathfinding.NNConstraint)",
271,repositorio/Assets/AstarPathfindingProject/Generators/GridGenerator.cs,,GridNode,,795,node,"Pathfinding.GridGraph.UpdateNodePositionCollision(Pathfinding.GridNode, int, int, bool)",
272,repositorio/Assets/AstarPathfindingProject/Generators/GridGenerator.cs,,GridNode,,957,n1,"Pathfinding.GridGraph.IsValidConnection(Pathfinding.GridNode, Pathfinding.GridNode)",
273,repositorio/Assets/AstarPathfindingProject/Generators/GridGenerator.cs,,GridNode,,957,n2,"Pathfinding.GridGraph.IsValidConnection(Pathfinding.GridNode, Pathfinding.GridNode)",
274,repositorio/Assets/AstarPathfindingProject/Generators/GridGenerator.cs,,GridNode,,977,node,Pathfinding.GridGraph.CalculateConnections(Pathfinding.GridNode),
275,repositorio/Assets/AstarPathfindingProject/Generators/GridGenerator.cs,,GridNode,,989,node,"Pathfinding.GridGraph.CalculateConnections(Pathfinding.GridNode[], int, int, Pathfinding.GridNode)",
276,repositorio/Assets/AstarPathfindingProject/Generators/GridGenerator.cs,,AstarPath,,1070,script,Pathfinding.GridGraph.OnPostScan(AstarPath),
277,repositorio/Assets/AstarPathfindingProject/Generators/GridGenerator.cs,,GraphUpdateShape,,1187,shape,Pathfinding.GridGraph.GetNodesInArea(Pathfinding.GraphUpdateShape),
278,repositorio/Assets/AstarPathfindingProject/Generators/GridGenerator.cs,,GraphUpdateShape,,1195,shape,"Pathfinding.GridGraph.GetNodesInArea(Bounds, Pathfinding.GraphUpdateShape)",
279,repositorio/Assets/AstarPathfindingProject/Generators/GridGenerator.cs,,GraphUpdateObject,,1233,o,Pathfinding.GridGraph.CanUpdateAsync(Pathfinding.GraphUpdateObject),
280,repositorio/Assets/AstarPathfindingProject/Generators/GridGenerator.cs,,GraphUpdateObject,,1237,o,Pathfinding.GridGraph.UpdateAreaInit(Pathfinding.GraphUpdateObject),
281,repositorio/Assets/AstarPathfindingProject/Generators/GridGenerator.cs,,GraphUpdateObject,,1241,o,Pathfinding.GridGraph.UpdateArea(Pathfinding.GraphUpdateObject),
282,repositorio/Assets/AstarPathfindingProject/Generators/GridGenerator.cs,,GridNode,,1523,node,"Pathfinding.GridGraph.CheckConnection(Pathfinding.GridNode, int)",
283,repositorio/Assets/AstarPathfindingProject/Generators/GridGenerator.cs,,GraphSerializationContext,,1548,ctx,Pathfinding.GridGraph.SerializeExtraInfo(Pathfinding.Serialization.GraphSerializationContext),
284,repositorio/Assets/AstarPathfindingProject/Generators/GridGenerator.cs,,GraphSerializationContext,,1562,ctx,Pathfinding.GridGraph.DeserializeExtraInfo(Pathfinding.Serialization.GraphSerializationContext),
285,repositorio/Assets/AstarPathfindingProject/Generators/NavMeshGenerator.cs,,NavMeshGraph,,166,graph,"Pathfinding.NavMeshGraph.GetNearest(Pathfinding.NavMeshGraph, Pathfinding.GraphNode[], Vector3, Pathfinding.NNConstraint, bool)",
286,repositorio/Assets/AstarPathfindingProject/Generators/NavMeshGenerator.cs,,NNConstraint,,166,constraint,"Pathfinding.NavMeshGraph.GetNearest(Pathfinding.NavMeshGraph, Pathfinding.GraphNode[], Vector3, Pathfinding.NNConstraint, bool)",
287,repositorio/Assets/AstarPathfindingProject/Generators/NavMeshGenerator.cs,,NNConstraint,,178,constraint,"Pathfinding.NavMeshGraph.GetNearest(Vector3, Pathfinding.NNConstraint, Pathfinding.GraphNode)",
288,repositorio/Assets/AstarPathfindingProject/Generators/NavMeshGenerator.cs,,GraphNode,,178,hint,"Pathfinding.NavMeshGraph.GetNearest(Vector3, Pathfinding.NNConstraint, Pathfinding.GraphNode)",
289,repositorio/Assets/AstarPathfindingProject/Generators/NavMeshGenerator.cs,,NNConstraint,,185,constraint,"Pathfinding.NavMeshGraph.GetNearestForce(Vector3, Pathfinding.NNConstraint)",
290,repositorio/Assets/AstarPathfindingProject/Generators/NavMeshGenerator.cs,,NavGraph,,194,graph,"Pathfinding.NavMeshGraph.GetNearestForce(Pathfinding.NavGraph, Pathfinding.INavmeshHolder, Vector3, Pathfinding.NNConstraint, bool)",
291,repositorio/Assets/AstarPathfindingProject/Generators/NavMeshGenerator.cs,,INavmeshHolder,,194,navmesh,"Pathfinding.NavMeshGraph.GetNearestForce(Pathfinding.NavGraph, Pathfinding.INavmeshHolder, Vector3, Pathfinding.NNConstraint, bool)",
292,repositorio/Assets/AstarPathfindingProject/Generators/NavMeshGenerator.cs,,NNConstraint,,194,constraint,"Pathfinding.NavMeshGraph.GetNearestForce(Pathfinding.NavGraph, Pathfinding.INavmeshHolder, Vector3, Pathfinding.NNConstraint, bool)",
293,repositorio/Assets/AstarPathfindingProject/Generators/NavMeshGenerator.cs,,NavGraph,,206,graph,"Pathfinding.NavMeshGraph.GetNearestForceBoth(Pathfinding.NavGraph, Pathfinding.INavmeshHolder, Vector3, Pathfinding.NNConstraint, bool)",
294,repositorio/Assets/AstarPathfindingProject/Generators/NavMeshGenerator.cs,,INavmeshHolder,,206,navmesh,"Pathfinding.NavMeshGraph.GetNearestForceBoth(Pathfinding.NavGraph, Pathfinding.INavmeshHolder, Vector3, Pathfinding.NNConstraint, bool)",
295,repositorio/Assets/AstarPathfindingProject/Generators/NavMeshGenerator.cs,,NNConstraint,,206,constraint,"Pathfinding.NavMeshGraph.GetNearestForceBoth(Pathfinding.NavGraph, Pathfinding.INavmeshHolder, Vector3, Pathfinding.NNConstraint, bool)",
296,repositorio/Assets/AstarPathfindingProject/Generators/NavMeshGenerator.cs,,INavmesh,,305,graph,"Pathfinding.NavMeshGraph.BuildFunnelCorridor(Pathfinding.INavmesh, System.Collections.Generic.List<Pathfinding.GraphNode>, int, int, System.Collections.Generic.List<Vector3>, System.Collections.Generic.List<Vector3>)",
297,repositorio/Assets/AstarPathfindingProject/Generators/NavMeshGenerator.cs,,GraphNode,,342,n1,"Pathfinding.NavMeshGraph.AddPortal(Pathfinding.GraphNode, Pathfinding.GraphNode, System.Collections.Generic.List<Vector3>, System.Collections.Generic.List<Vector3>)",
298,repositorio/Assets/AstarPathfindingProject/Generators/NavMeshGenerator.cs,,GraphNode,,342,n2,"Pathfinding.NavMeshGraph.AddPortal(Pathfinding.GraphNode, Pathfinding.GraphNode, System.Collections.Generic.List<Vector3>, System.Collections.Generic.List<Vector3>)",
299,repositorio/Assets/AstarPathfindingProject/Generators/NavMeshGenerator.cs,,GraphUpdateObject,,346,o,Pathfinding.NavMeshGraph.CanUpdateAsync(Pathfinding.GraphUpdateObject),
300,repositorio/Assets/AstarPathfindingProject/Generators/NavMeshGenerator.cs,,GraphUpdateObject,,350,o,Pathfinding.NavMeshGraph.UpdateAreaInit(Pathfinding.GraphUpdateObject),
301,repositorio/Assets/AstarPathfindingProject/Generators/NavMeshGenerator.cs,,GraphUpdateObject,,352,o,Pathfinding.NavMeshGraph.UpdateArea(Pathfinding.GraphUpdateObject),
302,repositorio/Assets/AstarPathfindingProject/Generators/NavMeshGenerator.cs,,GraphUpdateObject,,357,o,"Pathfinding.NavMeshGraph.UpdateArea(Pathfinding.GraphUpdateObject, Pathfinding.INavmesh)",
303,repositorio/Assets/AstarPathfindingProject/Generators/NavMeshGenerator.cs,,INavmesh,,357,graph,"Pathfinding.NavMeshGraph.UpdateArea(Pathfinding.GraphUpdateObject, Pathfinding.INavmesh)",
304,repositorio/Assets/AstarPathfindingProject/Generators/NavMeshGenerator.cs,,TriangleMeshNode,,469,node,"Pathfinding.NavMeshGraph.ClosestPointOnNode(Pathfinding.TriangleMeshNode, Pathfinding.Int3[], Vector3)",
305,repositorio/Assets/AstarPathfindingProject/Generators/NavMeshGenerator.cs,,TriangleMeshNode,,474,node,"Pathfinding.NavMeshGraph.ContainsPoint(Pathfinding.TriangleMeshNode, Vector3)",
306,repositorio/Assets/AstarPathfindingProject/Generators/NavMeshGenerator.cs,,TriangleMeshNode,,484,node,"Pathfinding.NavMeshGraph.ContainsPoint(Pathfinding.TriangleMeshNode, Vector3, Pathfinding.Int3[])",
307,repositorio/Assets/AstarPathfindingProject/Generators/NavMeshGenerator.cs,,NavMeshGraph,,697,graph,Pathfinding.NavMeshGraph.RebuildBBTree(Pathfinding.NavMeshGraph),
308,repositorio/Assets/AstarPathfindingProject/Generators/NavMeshGenerator.cs,,GraphSerializationContext,,778,ctx,Pathfinding.NavMeshGraph.DeserializeExtraInfo(Pathfinding.Serialization.GraphSerializationContext),
309,repositorio/Assets/AstarPathfindingProject/Generators/NavMeshGenerator.cs,,GraphSerializationContext,,812,ctx,Pathfinding.NavMeshGraph.SerializeExtraInfo(Pathfinding.Serialization.GraphSerializationContext),
310,repositorio/Assets/AstarPathfindingProject/Generators/NavMeshGenerator.cs,,NavMeshGraph,,837,graph,"Pathfinding.NavMeshGraph.DeserializeMeshNodes(Pathfinding.NavMeshGraph, Pathfinding.GraphNode[], byte[])",
311,repositorio/Assets/AstarPathfindingProject/Generators/PointGenerator.cs,,NNConstraint,,104,constraint,"Pathfinding.PointGraph.GetNearest(Vector3, Pathfinding.NNConstraint, Pathfinding.GraphNode)",
312,repositorio/Assets/AstarPathfindingProject/Generators/PointGenerator.cs,,GraphNode,,104,hint,"Pathfinding.PointGraph.GetNearest(Vector3, Pathfinding.NNConstraint, Pathfinding.GraphNode)",
313,repositorio/Assets/AstarPathfindingProject/Generators/PointGenerator.cs,,NNConstraint,,108,constraint,"Pathfinding.PointGraph.GetNearestForce(Vector3, Pathfinding.NNConstraint)",
314,repositorio/Assets/AstarPathfindingProject/Generators/PointGenerator.cs,,PointNode,,222,node,Pathfinding.PointGraph.AddToLookup(Pathfinding.PointNode),
315,repositorio/Assets/AstarPathfindingProject/Generators/PointGenerator.cs,,GraphNode,,326,a,"Pathfinding.PointGraph.IsValidConnection(Pathfinding.GraphNode, Pathfinding.GraphNode, out float)",
316,repositorio/Assets/AstarPathfindingProject/Generators/PointGenerator.cs,,GraphNode,,326,b,"Pathfinding.PointGraph.IsValidConnection(Pathfinding.GraphNode, Pathfinding.GraphNode, out float)",
317,repositorio/Assets/AstarPathfindingProject/Generators/PointGenerator.cs,,GraphSerializationContext,,377,ctx,Pathfinding.PointGraph.SerializeExtraInfo(Pathfinding.Serialization.GraphSerializationContext),
318,repositorio/Assets/AstarPathfindingProject/Generators/PointGenerator.cs,,GraphSerializationContext,,390,ctx,Pathfinding.PointGraph.DeserializeExtraInfo(Pathfinding.Serialization.GraphSerializationContext),
319,repositorio/Assets/AstarPathfindingProject/Generators/Base.cs,,NNConstraint,,163,constraint,"Pathfinding.NavGraph.GetNearest(Vector3, Pathfinding.NNConstraint)",
320,repositorio/Assets/AstarPathfindingProject/Generators/Base.cs,,NNConstraint,,171,constraint,"Pathfinding.NavGraph.GetNearest(Vector3, Pathfinding.NNConstraint, Pathfinding.GraphNode)",
321,repositorio/Assets/AstarPathfindingProject/Generators/Base.cs,,GraphNode,,171,hint,"Pathfinding.NavGraph.GetNearest(Vector3, Pathfinding.NNConstraint, Pathfinding.GraphNode)",
322,repositorio/Assets/AstarPathfindingProject/Generators/Base.cs,,NNConstraint,,223,constraint,"Pathfinding.NavGraph.GetNearestForce(Vector3, Pathfinding.NNConstraint)",
323,repositorio/Assets/AstarPathfindingProject/Generators/Base.cs,,GraphNode,,305,node,"Pathfinding.NavGraph.NodeColor(Pathfinding.GraphNode, Pathfinding.PathHandler)",
324,repositorio/Assets/AstarPathfindingProject/Generators/Base.cs,,PathHandler,,305,data,"Pathfinding.NavGraph.NodeColor(Pathfinding.GraphNode, Pathfinding.PathHandler)",
325,repositorio/Assets/AstarPathfindingProject/Generators/Base.cs,,GraphSerializationContext,,368,ctx,Pathfinding.NavGraph.SerializeExtraInfo(Pathfinding.Serialization.GraphSerializationContext),
326,repositorio/Assets/AstarPathfindingProject/Generators/Base.cs,,GraphSerializationContext,,374,ctx,Pathfinding.NavGraph.DeserializeExtraInfo(Pathfinding.Serialization.GraphSerializationContext),
327,repositorio/Assets/AstarPathfindingProject/Generators/Base.cs,,GraphNode,,388,node,"Pathfinding.NavGraph.InSearchTree(Pathfinding.GraphNode, Pathfinding.Path)",
328,repositorio/Assets/AstarPathfindingProject/Generators/Base.cs,,Path,,388,path,"Pathfinding.NavGraph.InSearchTree(Pathfinding.GraphNode, Pathfinding.Path)",
329,repositorio/Assets/AstarPathfindingProject/Generators/QuadtreeGraph.cs,,QuadtreeNodeHolder,,71,holder,"Pathfinding.QuadtreeGraph.RecalculateConnectionsRec(Pathfinding.QuadtreeNodeHolder, int, int, int)",
330,repositorio/Assets/AstarPathfindingProject/Generators/QuadtreeGraph.cs,,QuadtreeNodeHolder,,89,holder,"Pathfinding.QuadtreeGraph.CreateNodeRec(Pathfinding.QuadtreeNodeHolder, int, int, int)",
331,repositorio/Assets/AstarPathfindingProject/Generators/QuadtreeGraph.cs,,QuadtreeNodeHolder,,119,holder,"Pathfinding.QuadtreeGraph.RecalculateConnections(Pathfinding.QuadtreeNodeHolder, int, int, int)",
332,repositorio/Assets/AstarPathfindingProject/Generators/QuadtreeGraph.cs,,QuadtreeNodeHolder,,138,holder,"Pathfinding.QuadtreeGraph.AddNeighboursRec(System.Collections.Generic.List<Pathfinding.QuadtreeNode>, Pathfinding.QuadtreeNodeHolder, int, int, int, Pathfinding.IntRect, Pathfinding.QuadtreeNode)",
333,repositorio/Assets/AstarPathfindingProject/Generators/QuadtreeGraph.cs,,QuadtreeNode,,138,dontInclude,"Pathfinding.QuadtreeGraph.AddNeighboursRec(System.Collections.Generic.List<Pathfinding.QuadtreeNode>, Pathfinding.QuadtreeNodeHolder, int, int, int, Pathfinding.IntRect, Pathfinding.QuadtreeNode)",
334,repositorio/Assets/AstarPathfindingProject/Generators/QuadtreeGraph.cs,,QuadtreeNodeHolder,,193,h,"Pathfinding.QuadtreeGraph.DrawRec(Pathfinding.QuadtreeNodeHolder, int, int, int, Vector3)",
335,repositorio/Assets/AstarPathfindingProject/Generators/QuadtreeGraph.cs,,GraphNode,,231,node,"Pathfinding.QuadtreeNode.AddConnection(Pathfinding.GraphNode, uint)",
336,repositorio/Assets/AstarPathfindingProject/Generators/QuadtreeGraph.cs,,GraphNode,,235,node,Pathfinding.QuadtreeNode.RemoveConnection(Pathfinding.GraphNode),
337,repositorio/Assets/AstarPathfindingProject/Generators/QuadtreeGraph.cs,,Path,,250,path,"Pathfinding.QuadtreeNode.Open(Pathfinding.Path, Pathfinding.PathNode, Pathfinding.PathHandler)",
338,repositorio/Assets/AstarPathfindingProject/Generators/QuadtreeGraph.cs,,PathNode,,250,pathNode,"Pathfinding.QuadtreeNode.Open(Pathfinding.Path, Pathfinding.PathNode, Pathfinding.PathHandler)",
339,repositorio/Assets/AstarPathfindingProject/Generators/QuadtreeGraph.cs,,PathHandler,,250,handler,"Pathfinding.QuadtreeNode.Open(Pathfinding.Path, Pathfinding.PathNode, Pathfinding.PathHandler)",
340,repositorio/Assets/AstarPathfindingProject/Generators/QuadtreeGraph.cs,,AstarPath,,220,astar,,QuadtreeNode
341,repositorio/Assets/AstarPathfindingProject/Editor/AstarPathEditor.cs,,NavGraph,,1047,graph,"AstarPathEditor.DrawGraph(Pathfinding.NavGraph, Pathfinding.GraphEditor)",
342,repositorio/Assets/AstarPathfindingProject/Editor/AstarPathEditor.cs,,GraphEditor,,1047,graphEditor,"AstarPathEditor.DrawGraph(Pathfinding.NavGraph, Pathfinding.GraphEditor)",
343,repositorio/Assets/AstarPathfindingProject/Editor/AstarPathEditor.cs,,UserConnection,,1531,conn,AstarPathEditor.RemoveConnection(Pathfinding.UserConnection),
344,repositorio/Assets/AstarPathfindingProject/Editor/AstarPathEditor.cs,,NavGraph,,2051,graph,AstarPathEditor.RemoveGraph(Pathfinding.NavGraph),
345,repositorio/Assets/scripts/playable/buildings/Building.cs,,Building,,126,building,"Building.create(Building, Vector3, string)",
346,repositorio/Assets/scripts/playable/buildings/Building.cs,,Building,,160,building,Building.BuildPlace(Building),
347,repositorio/Assets/scripts/playable/buildings/Building.cs,,StrategyObject,,261,t,Building.train(StrategyObject),
348,repositorio/Assets/scripts/playable/buildings/Building.cs,,StrategyObject,,269,u,Building.startDevelopment(StrategyObject),
349,repositorio/Assets/scripts/playable/units/Worker.cs,,Resource,,41,r,Worker.Collect(Resource),
350,repositorio/Assets/scripts/playable/units/Worker.cs,,Building,,82,b,Worker.Build(Building),
351,repositorio/Assets/AstarPathfindingProject/Core/Misc/ThreadControlQueue.cs,,Path,,86,p,Pathfinding.ThreadControlQueue.PushFront(Pathfinding.Path),
352,repositorio/Assets/AstarPathfindingProject/Core/Misc/ThreadControlQueue.cs,,Path,,109,p,Pathfinding.ThreadControlQueue.Push(Pathfinding.Path),
353,repositorio/Assets/AstarPathfindingProject/Core/Misc/NodeLink2.cs,,GraphNode,,14,node,Pathfinding.NodeLink2.GetNodeLink(Pathfinding.GraphNode),
354,repositorio/Assets/AstarPathfindingProject/Core/Misc/NodeLink2.cs,,GraphNode,,165,node,Pathfinding.NodeLink2.RemoveConnections(Pathfinding.GraphNode),
355,repositorio/Assets/AstarPathfindingProject/Core/Misc/NodeLink3.cs,,GraphNode,,18,other,"Pathfinding.NodeLink3Node.GetPortal(Pathfinding.GraphNode, System.Collections.Generic.List<Vector3>, System.Collections.Generic.List<Vector3>, bool)",
356,repositorio/Assets/AstarPathfindingProject/Core/Misc/NodeLink3.cs,,GraphNode,,46,a,Pathfinding.NodeLink3Node.GetOther(Pathfinding.GraphNode),
357,repositorio/Assets/AstarPathfindingProject/Core/Misc/NodeLink3.cs,,GraphNode,,54,a,Pathfinding.NodeLink3Node.GetOtherInternal(Pathfinding.GraphNode),
358,repositorio/Assets/AstarPathfindingProject/Core/Misc/NodeLink3.cs,,GraphNode,,64,node,Pathfinding.NodeLink3.GetNodeLink(Pathfinding.GraphNode),
359,repositorio/Assets/AstarPathfindingProject/Core/Misc/NodeLink3.cs,,GraphNode,,197,node,Pathfinding.NodeLink3.RemoveConnections(Pathfinding.GraphNode),
360,repositorio/Assets/AstarPathfindingProject/Core/Misc/NodeLink3.cs,,AstarPath,,16,active,,NodeLink3Node
361,repositorio/Assets/AstarPathfindingProject/Core/Misc/BinaryHeap.cs,,PathNode,,40,node,Pathfinding.BinaryHeapM.Add(Pathfinding.PathNode),
362,repositorio/Assets/AstarPathfindingProject/Core/Nodes/GraphNode.cs,,Path,,188,path,"Pathfinding.GraphNode.UpdateG(Pathfinding.Path, Pathfinding.PathNode)",
363,repositorio/Assets/AstarPathfindingProject/Core/Nodes/GraphNode.cs,,PathNode,,188,pathNode,"Pathfinding.GraphNode.UpdateG(Pathfinding.Path, Pathfinding.PathNode)",
364,repositorio/Assets/AstarPathfindingProject/Core/Nodes/GraphNode.cs,,Path,,192,path,"Pathfinding.GraphNode.UpdateRecursiveG(Pathfinding.Path, Pathfinding.PathNode, Pathfinding.PathHandler)",
365,repositorio/Assets/AstarPathfindingProject/Core/Nodes/GraphNode.cs,,PathNode,,192,pathNode,"Pathfinding.GraphNode.UpdateRecursiveG(Pathfinding.Path, Pathfinding.PathNode, Pathfinding.PathHandler)",
366,repositorio/Assets/AstarPathfindingProject/Core/Nodes/GraphNode.cs,,PathHandler,,192,handler,"Pathfinding.GraphNode.UpdateRecursiveG(Pathfinding.Path, Pathfinding.PathNode, Pathfinding.PathHandler)",
367,repositorio/Assets/AstarPathfindingProject/Core/Nodes/GraphNode.cs,,GraphNode,,218,node,"Pathfinding.GraphNode.AddConnection(Pathfinding.GraphNode, uint)",
368,repositorio/Assets/AstarPathfindingProject/Core/Nodes/GraphNode.cs,,GraphNode,,219,node,Pathfinding.GraphNode.RemoveConnection(Pathfinding.GraphNode),
369,repositorio/Assets/AstarPathfindingProject/Core/Nodes/GraphNode.cs,,GraphNode,,227,node,Pathfinding.GraphNode.ContainsConnection(Pathfinding.GraphNode),
370,repositorio/Assets/AstarPathfindingProject/Core/Nodes/GraphNode.cs,,GraphNode,,264,other,"Pathfinding.GraphNode.GetPortal(Pathfinding.GraphNode, System.Collections.Generic.List<Vector3>, System.Collections.Generic.List<Vector3>, bool)",
371,repositorio/Assets/AstarPathfindingProject/Core/Nodes/GraphNode.cs,,Path,,269,path,"Pathfinding.GraphNode.Open(Pathfinding.Path, Pathfinding.PathNode, Pathfinding.PathHandler)",
372,repositorio/Assets/AstarPathfindingProject/Core/Nodes/GraphNode.cs,,PathNode,,269,pathNode,"Pathfinding.GraphNode.Open(Pathfinding.Path, Pathfinding.PathNode, Pathfinding.PathHandler)",
373,repositorio/Assets/AstarPathfindingProject/Core/Nodes/GraphNode.cs,,PathHandler,,269,handler,"Pathfinding.GraphNode.Open(Pathfinding.Path, Pathfinding.PathNode, Pathfinding.PathHandler)",
374,repositorio/Assets/AstarPathfindingProject/Core/Nodes/GraphNode.cs,,GraphSerializationContext,,273,ctx,Pathfinding.GraphNode.SerializeNode(Pathfinding.Serialization.GraphSerializationContext),
375,repositorio/Assets/AstarPathfindingProject/Core/Nodes/GraphNode.cs,,GraphSerializationContext,,279,ctx,Pathfinding.GraphNode.DeserializeNode(Pathfinding.Serialization.GraphSerializationContext),
376,repositorio/Assets/AstarPathfindingProject/Core/Nodes/GraphNode.cs,,GraphSerializationContext,,293,ctx,Pathfinding.GraphNode.SerializeReferences(Pathfinding.Serialization.GraphSerializationContext),
377,repositorio/Assets/AstarPathfindingProject/Core/Nodes/GraphNode.cs,,GraphSerializationContext,,305,ctx,Pathfinding.GraphNode.DeserializeReferences(Pathfinding.Serialization.GraphSerializationContext),
378,repositorio/Assets/AstarPathfindingProject/Core/Nodes/GraphNode.cs,,GraphNode,,351,node,Pathfinding.MeshNode.ContainsConnection(Pathfinding.GraphNode),
379,repositorio/Assets/AstarPathfindingProject/Core/Nodes/GraphNode.cs,,Path,,356,path,"Pathfinding.MeshNode.UpdateRecursiveG(Pathfinding.Path, Pathfinding.PathNode, Pathfinding.PathHandler)",
380,repositorio/Assets/AstarPathfindingProject/Core/Nodes/GraphNode.cs,,PathNode,,356,pathNode,"Pathfinding.MeshNode.UpdateRecursiveG(Pathfinding.Path, Pathfinding.PathNode, Pathfinding.PathHandler)",
381,repositorio/Assets/AstarPathfindingProject/Core/Nodes/GraphNode.cs,,PathHandler,,356,handler,"Pathfinding.MeshNode.UpdateRecursiveG(Pathfinding.Path, Pathfinding.PathNode, Pathfinding.PathHandler)",
382,repositorio/Assets/AstarPathfindingProject/Core/Nodes/GraphNode.cs,,GraphNode,,378,node,"Pathfinding.MeshNode.AddConnection(Pathfinding.GraphNode, uint)",
383,repositorio/Assets/AstarPathfindingProject/Core/Nodes/GraphNode.cs,,GraphNode,,412,node,Pathfinding.MeshNode.RemoveConnection(Pathfinding.GraphNode),
384,repositorio/Assets/AstarPathfindingProject/Core/Nodes/GraphNode.cs,,GraphSerializationContext,,456,ctx,Pathfinding.MeshNode.SerializeReferences(Pathfinding.Serialization.GraphSerializationContext),
385,repositorio/Assets/AstarPathfindingProject/Core/Nodes/GraphNode.cs,,GraphSerializationContext,,469,ctx,Pathfinding.MeshNode.DeserializeReferences(Pathfinding.Serialization.GraphSerializationContext),
386,repositorio/Assets/AstarPathfindingProject/Core/Nodes/GraphNode.cs,,AstarPath,,48,astar,,GraphNode
387,repositorio/Assets/AstarPathfindingProject/Core/Nodes/GraphNode.cs,,AstarPath,,311,astar,,MeshNode
388,repositorio/Assets/AstarPathfindingProject/Core/Serialization/JsonSerializer.cs,,GraphNode,,38,node,Pathfinding.Serialization.GraphSerializationContext.GetNodeIdentifier(Pathfinding.GraphNode),
389,repositorio/Assets/AstarPathfindingProject/Core/Serialization/JsonSerializer.cs,,NavGraph,,201,graph,Pathfinding.Serialization.AstarSerializer.Serialize(Pathfinding.NavGraph),
390,repositorio/Assets/AstarPathfindingProject/Core/Serialization/JsonSerializer.cs,,AstarData,,84,data,,AstarSerializer
391,repositorio/Assets/AstarPathfindingProject/Core/Serialization/JsonSerializer.cs,,AstarData,,89,data,,AstarSerializer
392,repositorio/Assets/AstarPathfindingProject/Core/Serialization/JsonSerializer.cs,,SerializeSettings,,89,settings,,AstarSerializer
393,repositorio/Assets/AstarPathfindingProject/Core/AI/Seeker.cs,,IPathModifier,,131,mod,Seeker.RegisterModifier(Pathfinding.IPathModifier),
394,repositorio/Assets/AstarPathfindingProject/Core/AI/Seeker.cs,,IPathModifier,,139,mod,Seeker.DeregisterModifier(Pathfinding.IPathModifier),
395,repositorio/Assets/AstarPathfindingProject/Core/AI/Seeker.cs,,Path,,158,p,Seeker.PostProcess(Pathfinding.Path),
396,repositorio/Assets/AstarPathfindingProject/Core/AI/Seeker.cs,,Path,,163,p,"Seeker.RunModifiers(Seeker.ModifierPass, Pathfinding.Path)",
397,repositorio/Assets/AstarPathfindingProject/Core/AI/Seeker.cs,,Path,,254,p,Seeker.OnPathComplete(Pathfinding.Path),
398,repositorio/Assets/AstarPathfindingProject/Core/AI/Seeker.cs,,Path,,260,p,"Seeker.OnPathComplete(Pathfinding.Path, bool, bool)",
399,repositorio/Assets/AstarPathfindingProject/Core/AI/Seeker.cs,,Path,,412,p,"Seeker.StartPath(Pathfinding.Path, OnPathDelegate, int)",
400,repositorio/Assets/AstarPathfindingProject/Core/AI/Seeker.cs,,Path,,461,p,Seeker.DelayPathStart(Pathfinding.Path),
401,repositorio/Assets/AstarPathfindingProject/Core/AI/AIPath.cs,,Path,,265,_p,AIPath.OnPathComplete(Pathfinding.Path),
402,repositorio/Assets/AstarPathfindingProject/ExampleScenes/ExampleScripts/AIFollow.cs,,Path,,78,p,AIFollow.OnPathComplete(Pathfinding.Path),
403,repositorio/Assets/AstarPathfindingProject/ExampleScenes/Example12_Procedural/ProceduralWorld.cs,,ProceduralWorld,,116,world,,ProceduralTile
404,repositorio/Assets/AstarPathfindingProject/Generators/NodeClasses/GridNode.cs,,GridGraph,,21,graph,"Pathfinding.GridNode.SetGridGraph(int, Pathfinding.GridGraph)",
405,repositorio/Assets/AstarPathfindingProject/Generators/NodeClasses/GridNode.cs,,GraphNode,,165,other,"Pathfinding.GridNode.GetPortal(Pathfinding.GraphNode, System.Collections.Generic.List<Vector3>, System.Collections.Generic.List<Vector3>, bool)",
406,repositorio/Assets/AstarPathfindingProject/Generators/NodeClasses/GridNode.cs,,GraphNode,,233,node,"Pathfinding.GridNode.AddConnection(Pathfinding.GraphNode, uint)",
407,repositorio/Assets/AstarPathfindingProject/Generators/NodeClasses/GridNode.cs,,GraphNode,,237,node,Pathfinding.GridNode.RemoveConnection(Pathfinding.GraphNode),
408,repositorio/Assets/AstarPathfindingProject/Generators/NodeClasses/GridNode.cs,,Path,,241,path,"Pathfinding.GridNode.UpdateRecursiveG(Pathfinding.Path, Pathfinding.PathNode, Pathfinding.PathHandler)",
409,repositorio/Assets/AstarPathfindingProject/Generators/NodeClasses/GridNode.cs,,PathNode,,241,pathNode,"Pathfinding.GridNode.UpdateRecursiveG(Pathfinding.Path, Pathfinding.PathNode, Pathfinding.PathHandler)",
410,repositorio/Assets/AstarPathfindingProject/Generators/NodeClasses/GridNode.cs,,PathHandler,,241,handler,"Pathfinding.GridNode.UpdateRecursiveG(Pathfinding.Path, Pathfinding.PathNode, Pathfinding.PathHandler)",
411,repositorio/Assets/AstarPathfindingProject/Generators/NodeClasses/GridNode.cs,,Path,,261,path,"Pathfinding.GridNode.Open(Pathfinding.Path, Pathfinding.PathNode, Pathfinding.PathHandler)",
412,repositorio/Assets/AstarPathfindingProject/Generators/NodeClasses/GridNode.cs,,PathNode,,261,pathNode,"Pathfinding.GridNode.Open(Pathfinding.Path, Pathfinding.PathNode, Pathfinding.PathHandler)",
413,repositorio/Assets/AstarPathfindingProject/Generators/NodeClasses/GridNode.cs,,PathHandler,,261,handler,"Pathfinding.GridNode.Open(Pathfinding.Path, Pathfinding.PathNode, Pathfinding.PathHandler)",
414,repositorio/Assets/AstarPathfindingProject/Generators/NodeClasses/GridNode.cs,,GraphSerializationContext,,316,ctx,Pathfinding.GridNode.SerializeNode(Pathfinding.Serialization.GraphSerializationContext),
415,repositorio/Assets/AstarPathfindingProject/Generators/NodeClasses/GridNode.cs,,GraphSerializationContext,,324,ctx,Pathfinding.GridNode.DeserializeNode(Pathfinding.Serialization.GraphSerializationContext),
416,repositorio/Assets/AstarPathfindingProject/Generators/NodeClasses/GridNode.cs,,AstarPath,,14,astar,,GridNode
417,repositorio/Assets/AstarPathfindingProject/Generators/NodeClasses/TriangleMeshNode.cs,,INavmeshHolder,,26,graph,"Pathfinding.TriangleMeshNode.SetNavmeshHolder(int, Pathfinding.INavmeshHolder)",
418,repositorio/Assets/AstarPathfindingProject/Generators/NodeClasses/TriangleMeshNode.cs,,Path,,143,path,"Pathfinding.TriangleMeshNode.UpdateRecursiveG(Pathfinding.Path, Pathfinding.PathNode, Pathfinding.PathHandler)",
419,repositorio/Assets/AstarPathfindingProject/Generators/NodeClasses/TriangleMeshNode.cs,,PathNode,,143,pathNode,"Pathfinding.TriangleMeshNode.UpdateRecursiveG(Pathfinding.Path, Pathfinding.PathNode, Pathfinding.PathHandler)",
420,repositorio/Assets/AstarPathfindingProject/Generators/NodeClasses/TriangleMeshNode.cs,,PathHandler,,143,handler,"Pathfinding.TriangleMeshNode.UpdateRecursiveG(Pathfinding.Path, Pathfinding.PathNode, Pathfinding.PathHandler)",
421,repositorio/Assets/AstarPathfindingProject/Generators/NodeClasses/TriangleMeshNode.cs,,Path,,157,path,"Pathfinding.TriangleMeshNode.Open(Pathfinding.Path, Pathfinding.PathNode, Pathfinding.PathHandler)",
422,repositorio/Assets/AstarPathfindingProject/Generators/NodeClasses/TriangleMeshNode.cs,,PathNode,,157,pathNode,"Pathfinding.TriangleMeshNode.Open(Pathfinding.Path, Pathfinding.PathNode, Pathfinding.PathHandler)",
423,repositorio/Assets/AstarPathfindingProject/Generators/NodeClasses/TriangleMeshNode.cs,,PathHandler,,157,handler,"Pathfinding.TriangleMeshNode.Open(Pathfinding.Path, Pathfinding.PathNode, Pathfinding.PathHandler)",
424,repositorio/Assets/AstarPathfindingProject/Generators/NodeClasses/TriangleMeshNode.cs,,GraphNode,,228,other,Pathfinding.TriangleMeshNode.SharedEdge(Pathfinding.GraphNode),
425,repositorio/Assets/AstarPathfindingProject/Generators/NodeClasses/TriangleMeshNode.cs,,GraphNode,,236,_other,"Pathfinding.TriangleMeshNode.GetPortal(Pathfinding.GraphNode, System.Collections.Generic.List<Vector3>, System.Collections.Generic.List<Vector3>, bool)",
426,repositorio/Assets/AstarPathfindingProject/Generators/NodeClasses/TriangleMeshNode.cs,,GraphNode,,241,_other,"Pathfinding.TriangleMeshNode.GetPortal(Pathfinding.GraphNode, System.Collections.Generic.List<Vector3>, System.Collections.Generic.List<Vector3>, bool, out int, out int)",
427,repositorio/Assets/AstarPathfindingProject/Generators/NodeClasses/TriangleMeshNode.cs,,GraphSerializationContext,,305,ctx,Pathfinding.TriangleMeshNode.SerializeNode(Pathfinding.Serialization.GraphSerializationContext),
428,repositorio/Assets/AstarPathfindingProject/Generators/NodeClasses/TriangleMeshNode.cs,,GraphSerializationContext,,313,ctx,Pathfinding.TriangleMeshNode.DeserializeNode(Pathfinding.Serialization.GraphSerializationContext),
429,repositorio/Assets/AstarPathfindingProject/Generators/NodeClasses/TriangleMeshNode.cs,,Path,,376,path,"Pathfinding.ConvexMeshNode.Open(Pathfinding.Path, Pathfinding.PathNode, Pathfinding.PathHandler)",
430,repositorio/Assets/AstarPathfindingProject/Generators/NodeClasses/TriangleMeshNode.cs,,PathNode,,376,pathNode,"Pathfinding.ConvexMeshNode.Open(Pathfinding.Path, Pathfinding.PathNode, Pathfinding.PathHandler)",
431,repositorio/Assets/AstarPathfindingProject/Generators/NodeClasses/TriangleMeshNode.cs,,PathHandler,,376,handler,"Pathfinding.ConvexMeshNode.Open(Pathfinding.Path, Pathfinding.PathNode, Pathfinding.PathHandler)",
432,repositorio/Assets/AstarPathfindingProject/Generators/NodeClasses/TriangleMeshNode.cs,,AstarPath,,17,astar,,TriangleMeshNode
433,repositorio/Assets/AstarPathfindingProject/Generators/NodeClasses/TriangleMeshNode.cs,,AstarPath,,324,astar,,ConvexMeshNode
434,repositorio/Assets/AstarPathfindingProject/Generators/NodeClasses/PointNode.cs,,Path,,42,path,"Pathfinding.PointNode.UpdateRecursiveG(Pathfinding.Path, Pathfinding.PathNode, Pathfinding.PathHandler)",
435,repositorio/Assets/AstarPathfindingProject/Generators/NodeClasses/PointNode.cs,,PathNode,,42,pathNode,"Pathfinding.PointNode.UpdateRecursiveG(Pathfinding.Path, Pathfinding.PathNode, Pathfinding.PathHandler)",
436,repositorio/Assets/AstarPathfindingProject/Generators/NodeClasses/PointNode.cs,,PathHandler,,42,handler,"Pathfinding.PointNode.UpdateRecursiveG(Pathfinding.Path, Pathfinding.PathNode, Pathfinding.PathHandler)",
437,repositorio/Assets/AstarPathfindingProject/Generators/NodeClasses/PointNode.cs,,GraphNode,,56,node,Pathfinding.PointNode.ContainsConnection(Pathfinding.GraphNode),
438,repositorio/Assets/AstarPathfindingProject/Generators/NodeClasses/PointNode.cs,,GraphNode,,68,node,"Pathfinding.PointNode.AddConnection(Pathfinding.GraphNode, uint)",
439,repositorio/Assets/AstarPathfindingProject/Generators/NodeClasses/PointNode.cs,,GraphNode,,102,node,Pathfinding.PointNode.RemoveConnection(Pathfinding.GraphNode),
440,repositorio/Assets/AstarPathfindingProject/Generators/NodeClasses/PointNode.cs,,Path,,129,path,"Pathfinding.PointNode.Open(Pathfinding.Path, Pathfinding.PathNode, Pathfinding.PathHandler)",
441,repositorio/Assets/AstarPathfindingProject/Generators/NodeClasses/PointNode.cs,,PathNode,,129,pathNode,"Pathfinding.PointNode.Open(Pathfinding.Path, Pathfinding.PathNode, Pathfinding.PathHandler)",
442,repositorio/Assets/AstarPathfindingProject/Generators/NodeClasses/PointNode.cs,,PathHandler,,129,handler,"Pathfinding.PointNode.Open(Pathfinding.Path, Pathfinding.PathNode, Pathfinding.PathHandler)",
443,repositorio/Assets/AstarPathfindingProject/Generators/NodeClasses/PointNode.cs,,GraphSerializationContext,,179,ctx,Pathfinding.PointNode.SerializeNode(Pathfinding.Serialization.GraphSerializationContext),
444,repositorio/Assets/AstarPathfindingProject/Generators/NodeClasses/PointNode.cs,,GraphSerializationContext,,187,ctx,Pathfinding.PointNode.DeserializeNode(Pathfinding.Serialization.GraphSerializationContext),
445,repositorio/Assets/AstarPathfindingProject/Generators/NodeClasses/PointNode.cs,,GraphSerializationContext,,193,ctx,Pathfinding.PointNode.SerializeReferences(Pathfinding.Serialization.GraphSerializationContext),
446,repositorio/Assets/AstarPathfindingProject/Generators/NodeClasses/PointNode.cs,,GraphSerializationContext,,206,ctx,Pathfinding.PointNode.DeserializeReferences(Pathfinding.Serialization.GraphSerializationContext),
447,repositorio/Assets/AstarPathfindingProject/Generators/NodeClasses/PointNode.cs,,AstarPath,,23,astar,,PointNode
448,repositorio/Assets/AstarPathfindingProject/Editor/GraphEditors/GraphEditor.cs,,NavGraph,,111,target,Pathfinding.GraphEditor.OnBaseInspectorGUI(Pathfinding.NavGraph),
449,repositorio/Assets/AstarPathfindingProject/Editor/GraphEditors/GraphEditor.cs,,NavGraph,,118,target,Pathfinding.GraphEditor.OnInspectorGUI(Pathfinding.NavGraph),
450,repositorio/Assets/AstarPathfindingProject/Editor/GraphEditors/GraphEditor.cs,,NavGraph,,122,target,Pathfinding.GraphEditor.OnSceneGUI(Pathfinding.NavGraph),
451,repositorio/Assets/AstarPathfindingProject/Editor/GraphEditors/GraphEditor.cs,,GraphCollision,,186,collision,Pathfinding.GraphEditor.DrawCollisionEditor(Pathfinding.GraphCollision),
452,repositorio/Assets/AstarPathfindingProject/Editor/GraphEditors/PointGeneratorEditor.cs,,NavGraph,,18,target,Pathfinding.PointGraphEditor.OnInspectorGUI(Pathfinding.NavGraph),
453,repositorio/Assets/AstarPathfindingProject/Editor/GraphEditors/PointGeneratorEditor.cs,,PointGraph,,113,graph,"Pathfinding.PointGraphEditor.DrawChildren(Pathfinding.PointGraph, Transform)",
454,repositorio/Assets/AstarPathfindingProject/Editor/GraphEditors/GridGeneratorEditor.cs,,NavGraph,,98,target,Pathfinding.GridGraphEditor.OnInspectorGUI(Pathfinding.NavGraph),
455,repositorio/Assets/AstarPathfindingProject/Editor/GraphEditors/GridGeneratorEditor.cs,,GridGraph,,386,graph,"Pathfinding.GridGraphEditor.SnapSizeToNodes(int, int, Pathfinding.GridGraph)",
456,repositorio/Assets/AstarPathfindingProject/Editor/GraphEditors/GridGeneratorEditor.cs,,NavGraph,,452,target,Pathfinding.GridGraphEditor.OnSceneGUI(Pathfinding.NavGraph),
457,repositorio/Assets/AstarPathfindingProject/Editor/GraphEditors/NavMeshGeneratorEditor.cs,,NavGraph,,16,target,Pathfinding.NavMeshGraphEditor.OnInspectorGUI(Pathfinding.NavGraph),
458,repositorio/Assets/AstarPathfindingProject/Editor/GraphEditors/NavMeshGeneratorEditor.cs,,NavGraph,,51,target,Pathfinding.NavMeshGraphEditor.OnSceneGUI(Pathfinding.NavGraph),
